Compound_name,Extracted_name,Molecular_weight,Type,Voltage_in_V
Pt / C,"[{'Pt': '1.0'}, {'C': '1.0'}]",207.091,Anod,1.4
NVP @ C,"[{'N': '1.0', 'V': '1.0', 'P': '1.0'}, {'C': '1.0'}]",107.9335,Cath,2.2
LiNi0.75Mg0.125Ti0.125O2,"[{'Li': '1.0', 'Ni': '0.75', 'Mg': '0.125', 'Ti': '0.125', 'O': '2.0'}]",91.97925,Cath,2.85
LMO,"[{'Li': '1.0', 'Mn': '2.0', 'O': '4.0'}]",180.812,Cath,3.0
LiNiPO4,"[{'Li': '1.0', 'Ni': '1.0', 'P': '1.0', 'O': '4.0'}]",160.603,Cath,0.3
MoS2,"[{'Mo': '1.0', 'S': '2.0'}]",160.07,Anod,0.45
NaLi0.2Ni0.2Mn0.6O2,"[{'Na': '1.0', 'Li': '0.2', 'Ni': '0.2', 'Mn': '0.6', 'O': '2.0'}]",101.0774,Cath,4.2
NaFeF3,"[{'Na': '1.0', 'Fe': '1.0', 'F': '3.0'}]",135.829,Cath,3.1
K0.22Fe[Fe(CN)6]0.805Â·4.01H2O,"[{'C': '4.83', 'N': '4.83', 'Fe': '1.805', 'K': '0.22'}]",235.068725,Cath,3.2
LiCoO2,"[{'Li': '1.0', 'Co': '1.0', 'O': '2.0'}]",97.871,Cath,3.9
Li1.5Ni0.25Mn0.75O2+Î´,"[{'Li': '1.5', 'Ni': '0.25', 'Mn': '0.75', 'O': '2.0'}]",98.28475000000002,Cath,2.0
TiO2,"[{'Ti': '1.0', 'O': '2.0'}]",79.865,Anod,0.38
Si / C,"[{'Si': '1.0'}, {'C': '1.0'}]",40.096,Anod,0.1
ZnO,"[{'Zn': '1.0', 'O': '1.0'}]",81.37899999999999,Anod,1.637
LiFePO4,"[{'Li': '1.0', 'Fe': '1.0', 'P': '1.0', 'O': '4.0'}]",157.755,Cath,0.2
FeF3,"[{'Fe': '1.0', 'F': '3.0'}]",112.839,Cath,1.5
Li2MnSiO4 / C,"[{'Li': '2.0', 'Mn': '1.0', 'Si': '1.0', 'O': '4.0'}, {'C': '1.0'}]",172.91,Cath,2.26
LiVPO4F / C,"[{'Li': '1.0', 'V': '1.0', 'P': '1.0', 'O': '4.0', 'F': '1.0'}, {'C': '1.0'}]",183.8605,Cath,4.5
NiCo2O4,"[{'Ni': '1.0', 'Co': '2.0', 'O': '4.0'}]",240.555,Anod,4.5
LTO,"[{'Li': '2.0', 'Ti': '1.0', 'O': '3.0'}]",109.744,Anod,0.8
Cu0.02Mg0.02,"[{'Cu': '0.02', 'Mg': '0.02'}]",1.75702,Cath,4.2
Fe2O3âCNT,"[{'Fe': '2.0', 'O': '3.0'}]",159.687,Cath,0.8
LiV3O8,"[{'Li': '1.0', 'V': '3.0', 'O': '8.0'}]",287.7565,Cath,3.69
MgH2,"[{'Mg': '1.0', 'H': '2.0'}]",26.321,Anod,0.042
LiC6,"[{'Li': '1.0', 'C': '6.0'}]",79.006,Anod,1.5
LiMnBO3,"[{'Li': '1.0', 'Mn': '1.0', 'B': '1.0', 'O': '3.0'}]",120.685,Cath,2.5
TiS2,"[{'Ti': '1.0', 'S': '2.0'}]",111.987,Cath,2.5
Na5V12O32,"[{'Na': '5.0', 'V': '12.0', 'O': '32.0'}]",1238.216,Cath,2.0
V10O24Â·12H2O,"[{'V': '10.0', 'O': '24.0'}]",893.391,Cath,1.7
LiNi0.8Co0.1Mn0.1O2,"[{'Li': '1.0', 'Ni': '0.8', 'Co': '0.1', 'Mn': '0.1', 'O': '2.0'}]",97.2795,Cath,4.5
Na0.67Mn0.65Ni0.2Co0.15O2,"[{'Na': '0.67', 'Mn': '0.65', 'Ni': '0.2', 'Co': '0.15', 'O': '2.0'}]",103.68955,Cath,1.5
Li 3 V 2 ( PO 4 ) 3 / C,"[{'P': '3.0', 'O': '12.0', 'Li': '3.0', 'V': '2.0'}, {'C': '1.0'}]",419.624,Cath,3.0
LiMn1.5Ni0.5O4,"[{'Li': '1.0', 'Mn': '1.5', 'Ni': '0.5', 'O': '4.0'}]",182.6895,Cath,5.0
CoFe2O4 @ CNTs,"[{'Co': '1.0', 'Fe': '2.0', 'O': '4.0'}]",234.619,Cath,1.0
Li3V(MoO4)3,"[{'Mo': '3.0', 'O': '12.0', 'Li': '3.0', 'V': '1.0'}]",551.5995,Cath,3.7
AgCu-MG,"[{'Ag': '1.0', 'Cu': '1.0'}]",171.416,Cath,1.1
V2O5,"[{'V': '2.0', 'O': '5.0'}]",181.878,Cath,1.5
LiNi0.45Mn0.45Co0.1O2,"[{'Li': '1.0', 'Ni': '0.45', 'Mn': '0.45', 'Co': '0.1', 'O': '2.0'}]",95.96525,Cath,4.3
Li4Ti5O12,"[{'Li': '4.0', 'Ti': '5.0', 'O': '12.0'}]",459.083,Anod,3.0
NVPF @ C,"[{'N': '1.0', 'V': '1.0', 'P': '1.0', 'F': '1.0'}, {'C': '1.0'}]",126.9315,Cath,4.3
LiMnPO4,"[{'Li': '1.0', 'Mn': '1.0', 'P': '1.0', 'O': '4.0'}]",156.848,Cath,4.0
LiAl0.1C0.1Mn1.8O4,"[{'Li': '1.0', 'Al': '0.1', 'C': '0.1', 'Mn': '1.8', 'O': '4.0'}]",173.7237,Cath,4.8
Li1.2Ni0.2Mn0.6O2,"[{'Li': '1.2', 'Ni': '0.2', 'Mn': '0.6', 'O': '2.0'}]",85.0274,Cath,4.5
Sn / Na2Sn(PO4)2,"[{'Sn': '1.0'}, {'P': '2.0', 'O': '8.0', 'Na': '2.0', 'Sn': '1.0'}]",473.34,Anod,0.67
Sn(MoO4)2 / C,"[{'Mo': '2.0', 'O': '8.0', 'Sn': '1.0'}, {'C': '1.0'}]",450.613,Anod,3.0
Na0.8Li0.1Ni0.31Mn0.62O2,"[{'Na': '0.8', 'Li': '0.1', 'Ni': '0.31', 'Mn': '0.62', 'O': '2.0'}]",103.34039,Cath,4.4
Co @ PNCS-2,"[{'Co': '1.0'}, {'P': '1.0', 'N': '1.0', 'C': '1.0', 'S': '1.0'}]",147.985,Cath,0.17
Na-doped Li 3 V 2 ( PO 4 ) 3,"[{'P': '3.0', 'O': '12.0', 'Li': '3.0', 'V': '2.0'}]",407.613,Cath,3.0
LiNi0.6Co0.2Mn0.2O2,"[{'Li': '1.0', 'Ni': '0.6', 'Co': '0.2', 'Mn': '0.2', 'O': '2.0'}]",96.928,Cath,4.6
BP-Al,"[{'B': '1.0', 'P': '1.0'}]",41.784,Cath,2.3
CuS,"[{'Cu': '1.0', 'S': '1.0'}]",95.606,Cath,1.1
SiOC,"[{'Si': '1.0', 'O': '1.0', 'C': '1.0'}]",56.095,Anod,0.6
NiS / NHCS,"[{'Ni': '1.0', 'S': '1.0'}, {'N': '1.0', 'H': '1.0', 'C': '1.0', 'S': '1.0'}]",149.839,Cath,1.5
Ni(OH)2 / CNTs,"[{'O': '2.0', 'H': '2.0', 'Ni': '1.0'}]",92.707,Cath,0.1
NaVPO4F,"[{'Na': '1.0', 'V': '1.0', 'P': '1.0', 'O': '4.0', 'F': '1.0'}]",187.8995,Cath,0.8
Cu2Sb,"[{'Cu': '2.0', 'Sb': '1.0'}]",248.852,Anod,1.05
RuO2 @ m-BCN,"[{'Ru': '1.0', 'O': '2.0'}, {'B': '1.0', 'C': '1.0', 'N': '1.0'}]",169.896,Cath,4.2
SnSb,"[{'Sn': '1.0', 'Sb': '1.0'}]",240.47,Anod,2.0
CoSe2,"[{'Co': '1.0', 'Se': '2.0'}]",216.875,Anod,3.0
CoCr2O4,"[{'Co': '1.0', 'Cr': '2.0', 'O': '4.0'}]",226.921,Anod,1.2
GeP5 / C,"[{'Ge': '1.0', 'P': '5.0'}, {'C': '1.0'}]",239.511,Anod,0.7
K3V2(PO4)2F3,"[{'P': '2.0', 'O': '8.0', 'K': '3.0', 'V': '2.0', 'F': '3.0'}]",466.111,Cath,3.75
SeS2,"[{'Se': '1.0', 'S': '2.0'}]",143.091,Cath,0.5
MnO2,"[{'Mn': '1.0', 'O': '2.0'}]",86.936,Cath,3.0
CaMnO3,"[{'Ca': '1.0', 'Mn': '1.0', 'O': '3.0'}]",143.013,Cath,0.2
VO2(B) / Mo,"[{'B': '1.0', 'V': '1.0', 'O': '2.0'}, {'Mo': '1.0'}]",189.6995,Cath,2.4
Li2Na2Ti6O14,"[{'Li': '2.0', 'Na': '2.0', 'Ti': '6.0', 'O': '14.0'}]",571.048,Anod,1.36
LiCo0.33Mn0.33Ni0.33O2,"[{'Li': '1.0', 'Co': '0.33', 'Mn': '0.33', 'Ni': '0.33', 'O': '2.0'}]",95.88412,Cath,4.5
Mo6S8,"[{'Mo': '6.0', 'S': '8.0'}]",832.1800000000001,Cath,1.1
SnS,"[{'Sn': '1.0', 'S': '1.0'}]",150.76999999999998,Anod,1.15
NaTi2(PO4)3 @ CNT,"[{'P': '3.0', 'O': '12.0', 'Na': '1.0', 'Ti': '2.0'}]",403.634,Anod,1.5
Copper oxide / sulphate,"[{'Cu': '2.0', 'O': '3.0'}, {'S': '1.0', 'O': '4.0'}]",271.145,Cath,0.1
Li1.05Ni1 / 3Co1 / 3Mn1 / 3O2,"[{'Li': '1.05', 'Ni': '0.3333', 'Co': '0.3333', 'Mn': '0.3333', 'O': '2.0'}]",96.8005812,Cath,2.5
K0.5MnO2,"[{'K': '0.5', 'Mn': '1.0', 'O': '2.0'}]",106.485,Cath,1.5
"C @ N-C @ N,P-C","[{'C': '1.0'}, {'C': '1.0'}]",24.022,Cath,1.33
Na2NiFe(CN)6,"[{'C': '6.0', 'N': '6.0', 'Na': '2.0', 'Ni': '1.0', 'Fe': '1.0'}]",316.626,Cath,1.27
Li2S,"[{'Li': '2.0', 'S': '1.0'}]",45.940000000000005,Cath,4.0
MoO3,"[{'Mo': '1.0', 'O': '3.0'}]",143.947,Anod,2.05
VOPO4 / C,"[{'V': '1.0', 'O': '5.0', 'P': '1.0'}, {'C': '1.0'}]",173.92149999999998,Cath,3.3
NVP,"[{'N': '1.0', 'V': '1.0', 'P': '1.0'}]",95.9225,Anod,2.0
NaMnF3,"[{'Na': '1.0', 'Mn': '1.0', 'F': '3.0'}]",134.922,Cath,3.84
KPB,"[{'K': '1.0', 'P': '1.0', 'B': '1.0'}]",80.882,Cath,3.66
LiCo1.09Mn0.91O4,"[{'Li': '1.0', 'Co': '1.09', 'Mn': '0.91', 'O': '4.0'}]",185.16655,Cath,3.2
Co3O4,"[{'Co': '3.0', 'O': '4.0'}]",240.795,Anod,0.99
K0.3MnO2,"[{'K': '0.3', 'Mn': '1.0', 'O': '2.0'}]",98.6654,Cath,4.0
Li2.1Ru0.9Co0.1O3,"[{'Li': '2.1', 'Ru': '0.9', 'Co': '0.1', 'O': '3.0'}]",159.4273,Cath,3.6
LiNi1 / 3Co1 / 3Mn1 / 3O2,"[{'Li': '1.0', 'Ni': '0.3333', 'Co': '0.3333', 'Mn': '0.3333', 'O': '2.0'}]",96.4535812,Cath,4.6
Na0.44Mn0.6Ni0.4O2,"[{'Na': '0.44', 'Mn': '0.6', 'Ni': '0.4', 'O': '2.0'}]",98.5536,Cath,4.0
31-Na2C4O4,"[{'Na': '2.0', 'C': '4.0', 'O': '4.0'}]",158.02,Cath,3.85
SnS2 / CNTs,"[{'Sn': '1.0', 'S': '2.0'}]",182.83,Anod,0.6
Mn2O3 / LiMn2O4,"[{'Mn': '2.0', 'O': '3.0'}, {'Li': '1.0', 'Mn': '2.0', 'O': '4.0'}]",338.68499999999995,Cath,4.15
NKVO @ V2O5,"[{'N': '1.0', 'K': '1.0', 'V': '1.0', 'O': '1.0'}, {'V': '2.0', 'O': '5.0'}]",301.9235,Anod,1.0
Co2P,"[{'Co': '2.0', 'P': '1.0'}]",148.84,Cath,3.5
Li2FeSiO4 / C,"[{'Li': '2.0', 'Fe': '1.0', 'Si': '1.0', 'O': '4.0'}, {'C': '1.0'}]",173.817,Cath,3.2
LiCoPO4,"[{'Li': '1.0', 'Co': '1.0', 'P': '1.0', 'O': '4.0'}]",160.84300000000002,Cath,5.0
H2SO4,"[{'H': '2.0', 'S': '1.0', 'O': '4.0'}]",98.072,Cath,1.23
Mn3V19-HIL / RGO-1,"[{'Mn': '3.0', 'V': '19.0'}]",1132.7025,Cath,3.5
Pd / PNCNF-3,"[{'Pd': '1.0'}, {'P': '1.0', 'N': '2.0', 'C': '1.0', 'F': '1.0'}]",196.417,Cath,4.14
5 V LiFe0.5Mn1.5O4,"[{'V': '1.0', 'Li': '1.0', 'Fe': '0.5', 'Mn': '1.5', 'O': '4.0'}]",232.207,Cath,5.0
NiO,"[{'Ni': '1.0', 'O': '1.0'}]",74.692,Anod,3.8
NaVOPO4 / C,"[{'Na': '1.0', 'V': '1.0', 'O': '5.0', 'P': '1.0'}, {'C': '1.0'}]",196.9115,Cath,2.8
Na2Ti3O7,"[{'Na': '2.0', 'Ti': '3.0', 'O': '7.0'}]",301.574,Anod,3.1
Lithium oxide,"[{'Li': '2.0', 'O': '1.0'}]",29.879,Cath,4.8
Li[Co-Ni]PO4,"[{'Li': '1.0', 'Co': '1.0'}]",65.873,Cath,4.5
PbO2 lead acid,"[{'Pb': '1.0', 'O': '2.0'}]",239.198,Cath,1.2
SnO2,"[{'Sn': '1.0', 'O': '2.0'}]",150.708,Anod,0.8
Ferrous chloride,"[{'Fe': '1.0', 'Cl': '2.0'}]",126.745,Cath,0.24
CuO,"[{'Cu': '1.0', 'O': '1.0'}]",79.545,Cath,1.4
Na3V2(PO4)3 / C,"[{'P': '3.0', 'O': '12.0', 'Na': '3.0', 'V': '2.0'}, {'C': '1.0'}]",467.774,Cath,2.65
Mn3O4 / Fe3O4,"[{'Mn': '3.0', 'O': '4.0'}, {'Fe': '3.0', 'O': '4.0'}]",460.341,Anod,0.73
LiNi0.4Mn0.4Co0.2O2,"[{'Li': '1.0', 'Ni': '0.4', 'Mn': '0.4', 'Co': '0.2', 'O': '2.0'}]",96.177,Cath,4.5
LiNi0.8Co0.2O2,"[{'Li': '1.0', 'Ni': '0.8', 'Co': '0.2', 'O': '2.0'}]",97.679,Cath,3.6
Li2NaV2(PO4)3,"[{'P': '3.0', 'O': '12.0', 'Li': '2.0', 'Na': '1.0', 'V': '2.0'}]",423.663,Anod,1.0
CNT / CoS @ C,"[{'Co': '1.0', 'S': '1.0', 'C': '1.0'}]",103.004,Anod,3.0
MnO,"[{'Mn': '1.0', 'O': '1.0'}]",70.937,Cath,1.0
Li1.05Mn1.96O4,"[{'Li': '1.05', 'Mn': '1.96', 'O': '4.0'}]",178.96148000000002,Cath,4.0
FeS2,"[{'Fe': '1.0', 'S': '2.0'}]",119.965,Anod,1.7
LiFePO4 / C,"[{'Li': '1.0', 'Fe': '1.0', 'P': '1.0', 'O': '4.0'}, {'C': '1.0'}]",169.766,Cath,3.3
S / C,"[{'S': '1.0'}, {'C': '1.0'}]",44.071,Cath,2.04
Cu2Se,"[{'Cu': '2.0', 'Se': '1.0'}]",206.063,Cath,0.2
LiNa2V2(PO4)3,"[{'P': '3.0', 'O': '12.0', 'Li': '1.0', 'Na': '2.0', 'V': '2.0'}]",439.713,Anod,3.0
AlN,"[{'Al': '1.0', 'N': '1.0'}]",40.989,Anod,0.65
Sb2Se3,"[{'Sb': '2.0', 'Se': '3.0'}]",480.433,Anod,0.05
LiNi0.5Co0.2Mn0.3O2,"[{'Li': '1.0', 'Ni': '0.5', 'Co': '0.2', 'Mn': '0.3', 'O': '2.0'}]",96.5525,Cath,3.0
SIB,"[{'S': '1.0', 'I': '1.0', 'B': '1.0'}]",169.77,Cath,4.0
Polypyrrole,"[{'C': '4.0', 'H': '3.0', 'N': '1.0'}]",65.075,Cath,0.78
CoCO3,"[{'Co': '1.0', 'C': '1.0', 'O': '3.0'}]",118.941,Anod,0.96
LiNi0.5Co0.5O2,"[{'Li': '1.0', 'Ni': '0.5', 'Co': '0.5', 'O': '2.0'}]",97.751,Cath,5.0
Pt / O2,"[{'Pt': '1.0'}, {'O': '2.0'}]",227.078,Cath,0.45
Fluorine-doped Na3V2(PO4)2F3,"[{'P': '2.0', 'O': '8.0', 'Na': '3.0', 'V': '2.0', 'F': '3.0'}]",417.7869999999999,Cath,1.62
Fe2GeO4 @ C,"[{'Fe': '2.0', 'Ge': '1.0', 'O': '4.0'}, {'C': '1.0'}]",260.327,Anod,3.8
K2FeO4,"[{'K': '2.0', 'Fe': '1.0', 'O': '4.0'}]",198.037,Cath,0.55
MnS-(ZnCo)S / N-C,"[{'Mn': '1.0', 'S': '1.0'}]",86.998,Anod,3.0
NIB,"[{'N': '1.0', 'I': '1.0', 'B': '1.0'}]",151.717,Cath,4.5
NiOOH,"[{'Ni': '1.0', 'O': '2.0', 'H': '1.0'}]",91.699,Cath,1.15
NaCrO2,"[{'Na': '1.0', 'Cr': '1.0', 'O': '2.0'}]",106.984,Cath,3.0
LiNiO2,"[{'Li': '1.0', 'Ni': '1.0', 'O': '2.0'}]",97.631,Cath,2.5
Ni / PSU,"[{'Ni': '1.0'}, {'P': '1.0', 'S': '1.0', 'U': '1.0'}]",359.757,Cath,0.05
Li2S / KB / C,"[{'Li': '2.0', 'S': '1.0'}, {'K': '1.0', 'B': '1.0'}, {'C': '1.0'}]",107.859,Cath,2.1
LiMn306,"[{'Li': '1.0', 'Mn': '306.0'}]",16817.968,Cath,3.0
Zn0.9Ni0.025In0.075,"[{'Zn': '0.9', 'Ni': '0.025', 'In': '0.075'}]",68.92082500000001,Anod,0.8
SnO2 @ C,"[{'Sn': '1.0', 'O': '2.0'}, {'C': '1.0'}]",162.719,Anod,0.9
LiVPO4F,"[{'Li': '1.0', 'V': '1.0', 'P': '1.0', 'O': '4.0', 'F': '1.0'}]",171.84949999999998,Cath,4.1
Fe0.5TiOPO4,"[{'Fe': '0.5', 'Ti': '1.0', 'O': '5.0', 'P': '1.0'}]",186.7585,Anod,4.0
RuO2,"[{'Ru': '1.0', 'O': '2.0'}]",133.06799999999998,Cath,0.81
ZnS,"[{'Zn': '1.0', 'S': '1.0'}]",97.44,Anod,2.0
NaVPO4F / C,"[{'Na': '1.0', 'V': '1.0', 'P': '1.0', 'O': '4.0', 'F': '1.0'}, {'C': '1.0'}]",199.9105,Cath,1.0
Sulfate hydrate,"[{'S': '1.0', 'O': '4.0'}]",96.056,Cath,3.2
CNF-Bi2O3,"[{'C': '1.0', 'N': '1.0', 'F': '1.0'}]",45.016000000000005,Anod,0.22
NaI / Ni,"[{'Na': '1.0', 'I': '1.0'}, {'Ni': '1.0'}]",208.58300000000003,Cath,2.605
Ru / Ni,"[{'Ru': '1.0'}, {'Ni': '1.0'}]",159.76299999999998,Cath,2.9
Na0.7Fe0.4Mn0.4Co0.2O2,"[{'Na': '0.7', 'Fe': '0.4', 'Mn': '0.4', 'Co': '0.2', 'O': '2.0'}]",104.1908,Cath,4.1
LiFe0.6Cu0.2Mn1.2O4,"[{'Li': '1.0', 'Fe': '0.6', 'Cu': '0.2', 'Mn': '1.2', 'O': '4.0'}]",183.0778,Cath,2.63
LiNi0.75Co0.25O2,"[{'Li': '1.0', 'Ni': '0.75', 'Co': '0.25', 'O': '2.0'}]",97.691,Cath,3.0
C8H5NaO4,"[{'C': '8.0', 'H': '5.0', 'Na': '1.0', 'O': '4.0'}]",188.114,Anod,3.6
TiSO,"[{'Ti': '1.0', 'S': '1.0', 'O': '1.0'}]",95.926,Anod,0.759
Li12Si7,"[{'Li': '12.0', 'Si': '7.0'}]",279.875,Anod,0.7
Sn @ C,"[{'Sn': '1.0'}, {'C': '1.0'}]",130.721,Anod,2.0
NVPF,"[{'N': '1.0', 'V': '1.0', 'P': '1.0', 'F': '1.0'}]",114.9205,Cath,3.3
Ag / MnO2-3,"[{'Ag': '1.0'}, {'Mn': '1.0', 'O': '2.0'}]",194.806,Cath,0.91
LiFe0.2Mn1.8O4,"[{'Li': '1.0', 'Fe': '0.2', 'Mn': '1.8', 'O': '4.0'}]",180.9934,Cath,4.8
5 V LiNi0.5Mn1.5O4,"[{'V': '1.0', 'Li': '1.0', 'Ni': '0.5', 'Mn': '1.5', 'O': '4.0'}]",233.631,Cath,5.0
Phosphate,"[{'P': '1.0', 'O': '4.0'}]",94.97,Anod,1.5
NaNiO2,"[{'Na': '1.0', 'Ni': '1.0', 'O': '2.0'}]",113.681,Cath,3.38
NaBr / Ni,"[{'Na': '1.0', 'Br': '1.0'}, {'Ni': '1.0'}]",161.587,Cath,2.58
CaMnO3 / C,"[{'Ca': '1.0', 'Mn': '1.0', 'O': '3.0'}, {'C': '1.0'}]",155.024,Cath,1.85
Co0.85Se / NC-X,"[{'Co': '0.85', 'Se': '1.0'}, {'N': '1.0', 'C': '1.0'}]",155.08205,Anod,3.0
Li1.2Ni0.13Mn0.54Co0.13O2,"[{'Li': '1.2', 'Ni': '0.13', 'Mn': '0.54', 'Co': '0.13', 'O': '2.0'}]",85.2839,Cath,1.75
ZnSe-NC @ CoSe2-NC,"[{'Zn': '1.0', 'Se': '1.0'}, {'Co': '1.0', 'Se': '2.0'}]",361.226,Anod,1.72
MnO / C,"[{'Mn': '1.0', 'O': '1.0'}, {'C': '1.0'}]",82.948,Anod,0.5
LiNi0.6Co0.3Ti0.1O2,"[{'Li': '1.0', 'Ni': '0.6', 'Co': '0.3', 'Ti': '0.1', 'O': '2.0'}]",96.6204,Cath,4.2
Zn2Ti3O8,"[{'Zn': '2.0', 'Ti': '3.0', 'O': '8.0'}]",402.353,Anod,0.97
Li3N-Li,"[{'Li': '3.0', 'N': '1.0'}]",34.827,Anod,2.5
Ni / Si,"[{'Ni': '1.0'}, {'Si': '1.0'}]",86.77799999999999,Anod,1.5
Mn2O3,"[{'Mn': '2.0', 'O': '3.0'}]",157.873,Anod,3.0
MnCo2O4,"[{'Mn': '1.0', 'Co': '2.0', 'O': '4.0'}]",236.8,Cath,0.85
PdO / C,"[{'Pd': '1.0', 'O': '1.0'}, {'C': '1.0'}]",134.43,Cath,3.15
In2O3,"[{'In': '2.0', 'O': '3.0'}]",277.637,Cath,1.2
LiMn0.6Fe0.4PO4 / C,"[{'Li': '1.0', 'Mn': '0.6', 'Fe': '0.4', 'P': '1.0', 'O': '4.0'}, {'C': '1.0'}]",169.2218,Cath,4.08
Na3V3(PO4)4,"[{'P': '4.0', 'O': '16.0', 'Na': '3.0', 'V': '3.0'}]",601.6745000000001,Cath,3.9
Li2MnSiO4,"[{'Li': '2.0', 'Mn': '1.0', 'Si': '1.0', 'O': '4.0'}]",160.899,Cath,2.2
CoO / r-NLG,"[{'Co': '1.0', 'O': '1.0'}]",74.932,Cath,0.62
WO3,"[{'W': '1.0', 'O': '3.0'}]",231.837,Cath,4.5
SiCN,"[{'Si': '1.0', 'C': '1.0', 'N': '1.0'}]",54.103,Anod,0.9
Li / Au / Cu,"[{'Li': '1.0'}, {'Au': '1.0'}, {'Cu': '1.0'}]",267.456,Anod,0.0921
3Mn0.8Fe0.1Ti0.1O2,"[{'Mn': '0.8', 'Fe': '0.1', 'Ti': '0.1', 'O': '2.0'}]",86.31960000000001,Cath,4.0
Li1.17Ni0.25Mn0.58O2,"[{'Li': '1.17', 'Ni': '0.25', 'Mn': '0.58', 'O': '2.0'}]",86.65509,Cath,4.6
LiNi0.5Co0.5PO4 / C,"[{'Li': '1.0', 'Ni': '0.5', 'Co': '0.5', 'P': '1.0', 'O': '4.0'}, {'C': '1.0'}]",172.734,Cath,4.71
Ir / B4C,"[{'Ir': '1.0'}, {'B': '4.0', 'C': '1.0'}]",247.471,Cath,4.37
V2O3 / C,"[{'V': '2.0', 'O': '3.0'}, {'C': '1.0'}]",161.891,Anod,3.0
MgH2 / CoO,"[{'Mg': '1.0', 'H': '2.0'}, {'Co': '1.0', 'O': '1.0'}]",101.253,Anod,0.075
IrO2,"[{'Ir': '1.0', 'O': '2.0'}]",224.218,Anod,1.8
Fe2(CN)6,"[{'C': '6.0', 'N': '6.0', 'Fe': '2.0'}]",267.798,Cath,3.47
LiMn204,"[{'Li': '1.0', 'Mn': '204.0'}]",11214.292,Cath,3.0
Cobalt oxide,"[{'Co': '2.0', 'O': '3.0'}]",165.863,Cath,2.75
Li4Ti5O12 @ C,"[{'Li': '4.0', 'Ti': '5.0', 'O': '12.0'}, {'C': '1.0'}]",471.094,Anod,1.0
OCs-CNTs,"[{'O': '1.0', 'Cs': '1.0'}]",148.909,Cath,3.69
LiMn0.5Ni0.5O2,"[{'Li': '1.0', 'Mn': '0.5', 'Ni': '0.5', 'O': '2.0'}]",95.7535,Cath,5.11
KMnO4,"[{'K': '1.0', 'Mn': '1.0', 'O': '4.0'}]",158.032,Cath,2.8
S @ MnO2,"[{'S': '1.0'}, {'Mn': '1.0', 'O': '2.0'}]",118.996,Cath,2.1
MoO2,"[{'Mo': '1.0', 'O': '2.0'}]",127.948,Anod,0.35
Na3V2(PO4)3,"[{'P': '3.0', 'O': '12.0', 'Na': '3.0', 'V': '2.0'}]",455.763,Cath,3.4
LiFe0.4Mn0.4Co0.2PO4 / C-based,"[{'Li': '1.0', 'Fe': '0.4', 'Mn': '0.4', 'Co': '0.2', 'P': '1.0', 'O': '4.0'}]",158.0098,Cath,5.0
Na4Fe3(PO4)2(P2O7),"[{'P': '4.0', 'O': '15.0', 'Na': '4.0', 'Fe': '3.0'}]",623.376,Cath,4.2
Fe2N @ C / CNTs,"[{'Fe': '2.0', 'N': '1.0', 'C': '1.0'}]",137.708,Anod,3.0
Li2NiPO4F,"[{'Li': '2.0', 'Ni': '1.0', 'P': '1.0', 'O': '4.0', 'F': '1.0'}]",186.541,Cath,5.3
NP-Si @ TiO2,"[{'N': '1.0', 'P': '1.0'}, {'Ti': '1.0', 'O': '2.0'}]",124.846,Anod,1.5
MoSe2 / MoO3,"[{'Mo': '1.0', 'Se': '2.0'}, {'Mo': '1.0', 'O': '3.0'}]",397.839,Anod,3.0
PtRu,"[{'Pt': '1.0', 'Ru': '1.0'}]",296.15,Anod,0.65
Li2Se,"[{'Li': '2.0', 'Se': '1.0'}]",92.851,Cath,2.4
FeOCl,"[{'Fe': '1.0', 'O': '1.0', 'Cl': '1.0'}]",107.294,Cath,3.5
Copper oxide,"[{'Cu': '2.0', 'O': '3.0'}]",175.089,Anod,1.0
Iron sulfide,"[{'Fe': '2.0', 'S': '3.0'}]",207.87,Cath,1.8
RuO2 @ NiCo2O4,"[{'Ru': '1.0', 'O': '2.0'}, {'Ni': '1.0', 'Co': '2.0', 'O': '4.0'}]",373.62299999999993,Cath,0.614
LiMnPO4 / C,"[{'Li': '1.0', 'Mn': '1.0', 'P': '1.0', 'O': '4.0'}, {'C': '1.0'}]",168.859,Cath,4.5
NiO2,"[{'Ni': '1.0', 'O': '2.0'}]",90.691,Cath,4.2
(MoO2)2P2O7,"[{'Mo': '2.0', 'O': '11.0', 'P': '2.0'}]",429.837,Cath,3.7
Pt / Pd,"[{'Pt': '1.0'}, {'Pd': '1.0'}]",301.5,Anod,0.925
Ni-doped Na0.7MnO2,"[{'Na': '0.7', 'Mn': '1.0', 'O': '2.0'}]",103.029,Cath,3.9
Cr-doped LiMnO2,"[{'Li': '1.0', 'Mn': '1.0', 'O': '2.0'}]",93.876,Cath,2.5
N2NO,"[{'N': '3.0', 'O': '1.0'}]",58.02,Cath,0.2
Na3FeF6 / CNTs,"[{'Na': '3.0', 'Fe': '1.0', 'F': '6.0'}]",238.803,Cath,1.0
Na3V2(PO4)2 @ C,"[{'P': '2.0', 'O': '8.0', 'Na': '3.0', 'V': '2.0'}, {'C': '1.0'}]",372.804,Cath,2.2
Mg2Sn,"[{'Mg': '2.0', 'Sn': '1.0'}]",167.32,Anod,2.0
Li2CuO2,"[{'Li': '2.0', 'Cu': '1.0', 'O': '2.0'}]",109.424,Cath,3.8
Co4N @ NC-m air,"[{'Co': '4.0', 'N': '1.0'}]",249.739,Cath,1.12
Ni3S2 / Ni,"[{'Ni': '3.0', 'S': '2.0'}, {'Ni': '1.0'}]",298.892,Cath,0.55
FeAs,"[{'Fe': '1.0', 'As': '1.0'}]",130.767,Anod,0.4
Fe-doped Li1.2Mn0.56Ni0.16Co0.08O,"[{'Li': '1.2', 'Mn': '0.56', 'Ni': '0.16', 'Co': '0.08', 'O': '2.0'}]",85.19680000000001,Cath,4.8
Co3S4,"[{'Co': '3.0', 'S': '4.0'}]",305.039,Cath,0.68
Li2MgSnO4,"[{'Li': '2.0', 'Mg': '1.0', 'Sn': '1.0', 'O': '4.0'}]",220.891,Anod,3.18
Co9S8,"[{'Co': '9.0', 'S': '8.0'}]",786.8770000000001,Cath,0.83
NaNi0.5Fe0.5O2,"[{'Na': '1.0', 'Ni': '0.5', 'Fe': '0.5', 'O': '2.0'}]",112.257,Cath,4.2
Nb2O5,"[{'Nb': '2.0', 'O': '5.0'}]",265.807,Anod,3.0
Li1.2Mn0.4Co0.4O2,"[{'Li': '1.2', 'Mn': '0.4', 'Co': '0.4', 'O': '2.0'}]",85.87440000000001,Cath,4.6
Sb48Fe36P16,"[{'Sb': '48.0', 'Fe': '36.0', 'P': '16.0'}]",8350.484,Anod,0.5
NFSO / C,"[{'N': '1.0', 'F': '1.0', 'S': '1.0', 'O': '1.0'}, {'C': '1.0'}]",93.075,Cath,4.1
K0.5[Mn0.8Fe0.1Ni0.1]O2,"[{'K': '0.5', 'Mn': '0.8', 'Fe': '0.1', 'Ni': '0.1', 'O': '2.0'}]",106.9512,Cath,3.9
SnO,"[{'Sn': '1.0', 'O': '1.0'}]",134.709,Anod,1.0
Bi2S3 / C,"[{'Bi': '2.0', 'S': '3.0'}, {'C': '1.0'}]",526.151,Anod,1.63
Li9V3(P2O7)3(PO4)2 / carbon,"[{'P': '8.0', 'O': '29.0', 'Li': '9.0', 'V': '3.0'}]",927.0475,Cath,3.0
CCOâNi,"[{'C': '2.0', 'O': '1.0'}]",40.021,Cath,4.4
Cu / Li,"[{'Cu': '1.0'}, {'Li': '1.0'}]",70.486,Anod,0.03
NiCo2O4 @ Ni3S2,"[{'Ni': '1.0', 'Co': '2.0', 'O': '4.0'}, {'Ni': '3.0', 'S': '2.0'}]",480.754,Cath,0.2
Li2ZnTi3O8 / C-10,"[{'Li': '2.0', 'Zn': '1.0', 'Ti': '3.0', 'O': '8.0'}]",350.853,Anod,1.61
AgCl,"[{'Ag': '1.0', 'Cl': '1.0'}]",143.32,Cath,1.75
AlF3,"[{'Al': '1.0', 'F': '3.0'}]",83.976,Cath,2.29
PI-FTD-NCM811,"[{'P': '1.0', 'I': '1.0'}]",157.874,Cath,4.4
NaLi0.2Mn0.8O2,"[{'Na': '1.0', 'Li': '0.2', 'Mn': '0.8', 'O': '2.0'}]",100.3264,Cath,4.5
TiO2 / Co3O4,"[{'Ti': '1.0', 'O': '2.0'}, {'Co': '3.0', 'O': '4.0'}]",320.66,Anod,3.0
Fe3O4,"[{'Fe': '3.0', 'O': '4.0'}]",231.531,Anod,0.8
LiMn1.4Ni0.55Mo0.05O4,"[{'Li': '1.0', 'Mn': '1.4', 'Ni': '0.55', 'Mo': '0.05', 'O': '4.0'}]",184.92785,Cath,4.7
Ir0.6Ru0.4O2,"[{'Ir': '0.6', 'Ru': '0.4', 'O': '2.0'}]",187.758,Anod,1.57
CuHCF,"[{'Cu': '1.0', 'H': '1.0', 'C': '1.0', 'F': '1.0'}]",95.563,Cath,0.05
Li2CoMn3O8,"[{'Li': '2.0', 'Co': '1.0', 'Mn': '3.0', 'O': '8.0'}]",365.619,Cath,5.0
Si / C @ TiO2,"[{'Si': '1.0'}, {'C': '1.0', 'Ti': '1.0', 'O': '2.0'}]",119.961,Anod,3.1
LiNi0.70Co0.30O2,"[{'Li': '1.0', 'Ni': '0.7', 'Co': '0.3', 'O': '2.0'}]",97.703,Cath,3.75
Li1.26Mn0.52Fe0.22O2,"[{'Li': '1.26', 'Mn': '0.52', 'Fe': '0.22', 'O': '2.0'}]",81.59606000000001,Cath,4.8
Na1.86Fe3(PO4)3,"[{'P': '3.0', 'O': '12.0', 'Na': '1.86', 'Fe': '3.0'}]",495.2063999999999,Cath,3.75
FeSi6 / C,"[{'Fe': '1.0', 'Si': '6.0'}, {'C': '1.0'}]",236.366,Anod,0.4
Li2FeP2O7 pyrophosphate,"[{'Li': '2.0', 'Fe': '1.0', 'P': '2.0', 'O': '7.0'}]",243.666,Cath,3.5
Ti4O7 / MCO,"[{'Ti': '4.0', 'O': '7.0'}]",303.461,Cath,2.2
LiFeSO4F,"[{'Li': '1.0', 'Fe': '1.0', 'S': '1.0', 'O': '4.0', 'F': '1.0'}]",177.839,Cath,3.6
Ti3C2,"[{'Ti': '3.0', 'C': '2.0'}]",167.623,Cath,2.1
Li4C24H8O8,"[{'Li': '4.0', 'C': '24.0', 'H': '8.0', 'O': '8.0'}]",452.08,Anod,1.1
MnP,"[{'Mn': '1.0', 'P': '1.0'}]",85.912,Anod,2.0
Sn / Cu @ C,"[{'Sn': '1.0'}, {'Cu': '1.0', 'C': '1.0'}]",194.267,Anod,2.2
NaV3(PO4)3 / C,"[{'P': '3.0', 'O': '12.0', 'Na': '1.0', 'V': '3.0'}, {'C': '1.0'}]",472.7355,Anod,1.8
LiTi2(PO4)3,"[{'P': '3.0', 'O': '12.0', 'Li': '1.0', 'Ti': '2.0'}]",387.584,Anod,0.65
GeP,"[{'Ge': '1.0', 'P': '1.0'}]",103.604,Anod,2.5
Li2CoTi3O8,"[{'Li': '2.0', 'Co': '1.0', 'Ti': '3.0', 'O': '8.0'}]",344.406,Anod,0.56
Ni / PCNFO-S,"[{'Ni': '1.0'}, {'P': '1.0', 'C': '1.0', 'N': '1.0', 'F': '1.0', 'O': '1.0'}]",150.682,Cath,0.16
Fe0.5Ti2(PO4)3,"[{'P': '3.0', 'O': '12.0', 'Fe': '0.5', 'Ti': '2.0'}]",408.5665,Anod,3.0
(LNMO)95 @ (YBCO)5,"[{'Y': '5.0', 'B': '5.0', 'C': '5.0', 'O': '5.0'}]",638.63,Cath,4.9
OH-S @ MnO2,"[{'O': '1.0', 'H': '1.0'}, {'Mn': '1.0', 'O': '2.0'}]",103.943,Cath,2.35
Mn2CoO4,"[{'Mn': '2.0', 'Co': '1.0', 'O': '4.0'}]",232.805,Anod,0.02
K3PW12O40,"[{'K': '3.0', 'P': '1.0', 'W': '12.0', 'O': '40.0'}]",2994.308,Anod,0.1
K0.23V2O5,"[{'K': '0.23', 'V': '2.0', 'O': '5.0'}]",190.87054,Anod,0.82
LiNi0.8Co0.15Al0.05O2,"[{'Li': '1.0', 'Ni': '0.8', 'Co': '0.15', 'Al': '0.05', 'O': '2.0'}]",96.08145,Cath,4.33
LiFe0.4Cu0.4Mn1.2O4,"[{'Li': '1.0', 'Fe': '0.4', 'Cu': '0.4', 'Mn': '1.2', 'O': '4.0'}]",184.618,Cath,3.13
SnCoC,"[{'Sn': '1.0', 'Co': '1.0', 'C': '1.0'}]",189.654,Anod,0.2
Li3Fe2(PO4)3 / C,"[{'P': '3.0', 'O': '12.0', 'Li': '3.0', 'Fe': '2.0'}, {'C': '1.0'}]",429.431,Cath,0.1
NFS,"[{'N': '1.0', 'F': '1.0', 'S': '1.0'}]",65.065,Cath,4.5
S0.94Se0.06,"[{'S': '0.94', 'Se': '0.06'}]",34.874660000000006,Cath,0.8
NiS2-40,"[{'Ni': '1.0', 'S': '2.0'}]",122.813,Cath,0.5
Sb2O3 / Ti3C2Tx,"[{'Sb': '2.0', 'O': '3.0'}]",291.517,Anod,2.5
MnFe2O4,"[{'Mn': '1.0', 'Fe': '2.0', 'O': '4.0'}]",230.624,Anod,1.3
Li3FeF6 / CNTs,"[{'Li': '3.0', 'Fe': '1.0', 'F': '6.0'}]",190.653,Cath,2.9
Li2S / CNT / C-N / O,"[{'Li': '2.0', 'S': '1.0'}, {'O': '1.0'}]",61.93900000000001,Cath,0.08
Na4MnV(PO4)3,"[{'P': '3.0', 'O': '12.0', 'Na': '4.0', 'Mn': '1.0', 'V': '1.0'}]",482.7495,Cath,3.3
Na2MnPO4F,"[{'Na': '2.0', 'Mn': '1.0', 'P': '1.0', 'O': '4.0', 'F': '1.0'}]",214.886,Cath,3.6
Pt / Ti4O7,"[{'Pt': '1.0'}, {'Ti': '4.0', 'O': '7.0'}]",498.541,Cath,1.5
CoSn,"[{'Co': '1.0', 'Sn': '1.0'}]",177.643,Anod,1.6
VS2,"[{'V': '1.0', 'S': '2.0'}]",115.0615,Anod,1.5
LiNi0.85Co0.15O2,"[{'Li': '1.0', 'Ni': '0.85', 'Co': '0.15', 'O': '2.0'}]",97.667,Cath,0.05
Li0.946Ca0.027CoO2,"[{'Li': '0.946', 'Ca': '0.027', 'Co': '1.0', 'O': '2.0'}]",98.578346,Cath,4.3
0.5Li2MnO3-0.5LiMn0.5Ni0.5O2,"[{'Li': '2.0', 'Mn': '1.0', 'O': '3.0'}]",116.815,Cath,3.28
Li1.09Mn1.91O4,"[{'Li': '1.09', 'Mn': '1.91', 'O': '4.0'}]",176.49218,Cath,4.3
VB2 / Ni,"[{'V': '1.0', 'B': '2.0'}, {'Ni': '1.0'}]",131.2545,Anod,0.7
Si / copper,"[{'Si': '1.0'}, {'Cu': '1.0'}]",91.631,Anod,1.6
KMnHCF,"[{'K': '1.0', 'Mn': '1.0', 'H': '1.0', 'C': '1.0', 'F': '1.0'}]",126.053,Anod,0.6
Manganese oxide,"[{'Mn': '2.0', 'O': '7.0'}]",221.86900000000003,Cath,2.5
Ni / Cu,"[{'Ni': '1.0'}, {'Cu': '1.0'}]",122.239,Cath,2.6
Na1.5VPO4.8F0.7,"[{'Na': '1.5', 'V': '1.0', 'P': '1.0', 'O': '4.8', 'F': '0.7'}]",206.4943,Cath,3.3
BP2000 carbon,"[{'B': '1.0', 'P': '2000.0'}]",61958.81,Anod,3.0
OBC,"[{'O': '1.0', 'B': '1.0', 'C': '1.0'}]",38.82,Cath,1.0
CoO / Ti3C2,"[{'Co': '1.0', 'O': '1.0'}, {'Ti': '3.0', 'C': '2.0'}]",242.555,Anod,0.8
CoCu / graphene,"[{'Co': '1.0', 'Cu': '1.0'}]",122.479,Cath,2.5
Li[Li0.3Cr0.1Mn0.6]O2,"[{'Li': '1.3', 'Cr': '0.1', 'Mn': '0.6', 'O': '2.0'}]",79.1824,Cath,4.5
LiCrO2Â·Li2MnO3,"[{'Li': '1.0', 'Cr': '1.0', 'O': '2.0'}]",90.934,Cath,2.73
Co / N / S-CNPs,"[{'Co': '1.0'}, {'N': '1.0'}]",72.94,Cath,1.51
NiFe2O4âCNT,"[{'Ni': '1.0', 'Fe': '2.0', 'O': '4.0'}]",234.379,Cath,4.5
RuO2 / NiO,"[{'Ru': '1.0', 'O': '2.0'}, {'Ni': '1.0', 'O': '1.0'}]",207.76,Cath,2.75
LiMnBO3 / C,"[{'Li': '1.0', 'Mn': '1.0', 'B': '1.0', 'O': '3.0'}, {'C': '1.0'}]",132.696,Cath,4.5
Li2FeSiO4,"[{'Li': '2.0', 'Fe': '1.0', 'Si': '1.0', 'O': '4.0'}]",161.806,Cath,4.2
Au / Î´-MnO2,"[{'Au': '1.0'}, {'Mn': '1.0', 'O': '2.0'}]",283.906,Cath,2.0
Na2Fe(SO4)2,"[{'S': '2.0', 'O': '8.0', 'Na': '2.0', 'Fe': '1.0'}]",293.937,Cath,3.6
Li0.3MnO2,"[{'Li': '0.3', 'Mn': '1.0', 'O': '2.0'}]",89.018,Cath,3.4
Na0.44MnO2,"[{'Na': '0.44', 'Mn': '1.0', 'O': '2.0'}]",97.0516,Cath,2.0
LiMn1.5Ni0.4Cr0.1O4,"[{'Li': '1.0', 'Mn': '1.5', 'Ni': '0.4', 'Cr': '0.1', 'O': '4.0'}]",182.0198,Cath,5.0
Na2MnFe(CN)6,"[{'C': '6.0', 'N': '6.0', 'Na': '2.0', 'Mn': '1.0', 'Fe': '1.0'}]",312.871,Cath,2.0
NiS2 / C,"[{'Ni': '1.0', 'S': '2.0'}, {'C': '1.0'}]",134.824,Cath,1.6
CNT-air,"[{'C': '1.0', 'N': '1.0'}]",26.018,Cath,4.2
LiNiVO4,"[{'Li': '1.0', 'Ni': '1.0', 'V': '1.0', 'O': '4.0'}]",180.5705,Cath,4.8
VO2,"[{'V': '1.0', 'O': '2.0'}]",82.9395,Anod,0.3
FeSe-CNFA-T,"[{'Fe': '1.0', 'Se': '1.0'}]",134.816,Anod,3.0
NiSe / Ni,"[{'Ni': '1.0', 'Se': '1.0'}, {'Ni': '1.0'}]",196.357,Anod,0.31
ZnFe2O4,"[{'Zn': '1.0', 'Fe': '2.0', 'O': '4.0'}]",241.066,Anod,3.0
LiAl0.15Mn1.85O4,"[{'Li': '1.0', 'Al': '0.15', 'Mn': '1.85', 'O': '4.0'}]",176.6186,Cath,3.5
CNTs @ SnO2 / SnO / Sn,"[{'Sn': '1.0', 'O': '1.0'}, {'Sn': '1.0'}]",253.419,Anod,3.0
MnO @ NC-G,"[{'Mn': '1.0', 'O': '1.0'}, {'N': '1.0', 'C': '1.0'}]",96.955,Cath,0.88
Li(Ni0.2Li0.3Co0.1Mn0.5)O2,"[{'Li': '1.3', 'Ni': '0.2', 'Co': '0.1', 'Mn': '0.5', 'O': '2.0'}]",86.1209,Cath,2.0
SiBCN / GN-sp,"[{'Si': '1.0', 'B': '1.0', 'C': '1.0', 'N': '1.0'}]",64.91300000000001,Anod,0.9
Na0.75Mn0.70Ni0.23O2,"[{'Na': '0.75', 'Mn': '0.7', 'Ni': '0.23', 'O': '2.0'}]",101.19649,Cath,3.6
FeF3 / C,"[{'Fe': '1.0', 'F': '3.0'}, {'C': '1.0'}]",124.85,Cath,1.5
TiF3,"[{'Ti': '1.0', 'F': '3.0'}]",104.861,Cath,1.0
KVPF,"[{'K': '1.0', 'V': '1.0', 'P': '1.0', 'F': '1.0'}]",140.0115,Cath,3.4
Na0.67Ni0.33Mn0.67O2,"[{'Na': '0.67', 'Ni': '0.33', 'Mn': '0.67', 'O': '2.0'}]",103.57845000000002,Cath,4.5
Li(Mn0.375Ni0.375Co0.25)O2,"[{'Li': '1.0', 'Mn': '0.375', 'Ni': '0.375', 'Co': '0.25', 'O': '2.0'}]",96.282875,Cath,3.9
Fe3O4 / Fe / C,"[{'Fe': '3.0', 'O': '4.0'}, {'Fe': '1.0'}, {'C': '1.0'}]",299.387,Cath,2.3
FC-TiO2-2,"[{'F': '1.0', 'C': '1.0'}]",31.009,Anod,2.5
MnO @ CoâN / C,"[{'Mn': '1.0', 'O': '1.0', 'Co': '1.0'}, {'C': '1.0'}]",141.881,Cath,1.18
WSe2,"[{'W': '1.0', 'Se': '2.0'}]",341.78200000000004,Cath,0.7
Li5Fe2PO4F8,"[{'Li': '5.0', 'Fe': '2.0', 'P': '1.0', 'O': '4.0', 'F': '8.0'}]",393.344,Cath,4.5
S / NHPC-1,"[{'S': '1.0'}, {'N': '1.0', 'H': '1.0', 'P': '1.0', 'C': '1.0'}]",90.06,Cath,3.0
MoO3âx @ WO3âx,"[{'Mo': '1.0', 'O': '3.0'}, {'W': '1.0', 'O': '3.0'}]",375.7840000000001,Anod,1.9
V2O3,"[{'V': '2.0', 'O': '3.0'}]",149.88,Anod,0.1
LiMn1.99Nd0.01O4,"[{'Li': '1.0', 'Mn': '1.99', 'Nd': '0.01', 'O': '4.0'}]",181.70502,Cath,4.3
Li2MnP2O7 pyrophosphate,"[{'Li': '2.0', 'Mn': '1.0', 'P': '2.0', 'O': '7.0'}]",242.759,Cath,4.45
VPO4 @ C / graphene,"[{'V': '1.0', 'P': '1.0', 'O': '4.0', 'C': '1.0'}]",157.9225,Anod,3.0
Sb2MoO6,"[{'Sb': '2.0', 'Mo': '1.0', 'O': '6.0'}]",435.46400000000006,Anod,3.4
Na2FeP2O7,"[{'Na': '2.0', 'Fe': '1.0', 'P': '2.0', 'O': '7.0'}]",275.766,Cath,3.0
Na0.7Co0.7Mn0.3O2,"[{'Na': '0.7', 'Co': '0.7', 'Mn': '0.3', 'O': '2.0'}]",105.8255,Cath,3.4
Ti2Nb10O29,"[{'Ti': '2.0', 'Nb': '10.0', 'O': '29.0'}]",1488.765,Anod,0.8
Fe3O4 @ C,"[{'Fe': '3.0', 'O': '4.0'}, {'C': '1.0'}]",243.542,Anod,1.0
NiCl2,"[{'Ni': '1.0', 'Cl': '2.0'}]",129.59300000000002,Cath,2.6
Sb2S3,"[{'Sb': '2.0', 'S': '3.0'}]",339.70000000000005,Anod,0.76
LiNi0.4Mn1.6O4,"[{'Li': '1.0', 'Ni': '0.4', 'Mn': '1.6', 'O': '4.0'}]",182.314,Cath,5.0
SnSe / C,"[{'Sn': '1.0', 'Se': '1.0'}, {'C': '1.0'}]",209.692,Anod,1.9
Li3Ti4CoCrO12,"[{'Li': '3.0', 'Ti': '4.0', 'Co': '1.0', 'Cr': '1.0', 'O': '12.0'}]",515.2049999999999,Anod,2.5
HCFO-POS,"[{'H': '1.0', 'C': '1.0', 'F': '1.0', 'O': '1.0'}]",48.016,Anod,3.0
Li1.2Ni0.175Co0.1Mn0.52O2,"[{'Li': '1.2', 'Ni': '0.175', 'Co': '0.1', 'Mn': '0.52', 'O': '2.0'}]",85.058335,Cath,0.1
Cu6Sn5,"[{'Cu': '6.0', 'Sn': '5.0'}]",974.826,Anod,0.4
Ni0.25Mn0.75O @ C,"[{'Ni': '0.25', 'Mn': '0.75', 'O': '1.0'}, {'C': '1.0'}]",83.88674999999999,Cath,1.4
RuO2 / Ni,"[{'Ru': '1.0', 'O': '2.0'}, {'Ni': '1.0'}]",191.761,Cath,2.6
KVP /,"[{'K': '1.0', 'V': '1.0', 'P': '1.0'}]",121.0135,Cath,4.2
Si / SnO2 / C,"[{'Si': '1.0'}, {'Sn': '1.0', 'O': '2.0'}, {'C': '1.0'}]",190.804,Anod,1.5
Li1.2Co0.1Mn0.55Ni0.15O2,"[{'Li': '1.2', 'Co': '0.1', 'Mn': '0.55', 'Ni': '0.15', 'O': '2.0'}]",85.23915000000001,Cath,4.8
Cu / hydrazine,"[{'Cu': '1.0'}, {'N': '2.0', 'H': '4.0'}]",95.592,Anod,0.85
SnSe,"[{'Sn': '1.0', 'Se': '1.0'}]",197.681,Anod,1.0
LiAl0.25Co0.75O2,"[{'Li': '1.0', 'Al': '0.25', 'Co': '0.75', 'O': '2.0'}]",89.88325,Cath,4.2
C6O6 @ graphene,"[{'C': '6.0', 'O': '6.0'}]",168.06,Cath,1.5
CoP @ C-RGO-NF,"[{'Co': '1.0', 'P': '1.0'}]",89.907,Anod,3.0
LiCoBO3,"[{'Li': '1.0', 'Co': '1.0', 'B': '1.0', 'O': '3.0'}]",124.68,Cath,4.0
LVP / HC-2,"[{'H': '1.0', 'C': '1.0'}]",13.018999999999998,Cath,4.3
LiMnCoNiO2,"[{'Li': '1.0', 'Mn': '1.0', 'Co': '1.0', 'Ni': '1.0', 'O': '2.0'}]",211.502,Cath,3.7
ZnOS,"[{'Zn': '1.0', 'O': '1.0', 'S': '1.0'}]",113.439,Anod,3.0
MoP2,"[{'Mo': '1.0', 'P': '2.0'}]",157.898,Anod,0.1
NaCoPO4,"[{'Na': '1.0', 'Co': '1.0', 'P': '1.0', 'O': '4.0'}]",176.893,Cath,4.4
Sn4P3 @ C,"[{'Sn': '4.0', 'P': '3.0'}, {'C': '1.0'}]",579.7729999999999,Anod,1.0
Li2MnSnO4 / C,"[{'Li': '2.0', 'Mn': '1.0', 'Sn': '1.0', 'O': '4.0'}, {'C': '1.0'}]",263.535,Anod,3.5
NiCo2O4 @ MnO2-CNTs-3,"[{'Ni': '1.0', 'Co': '2.0', 'O': '4.0'}, {'Mn': '1.0', 'O': '2.0'}]",327.491,Cath,1.19
MnV2O6,"[{'Mn': '1.0', 'V': '2.0', 'O': '6.0'}]",252.815,Anod,0.04
LiTi0.08Fe0.92PO4,"[{'Li': '1.0', 'Ti': '0.08', 'Fe': '0.92', 'P': '1.0', 'O': '4.0'}]",157.11676,Cath,2.0
LiNi0.5Mn1.5O4 / C,"[{'Li': '1.0', 'Ni': '0.5', 'Mn': '1.5', 'O': '4.0'}, {'C': '1.0'}]",194.7005,Cath,4.4
LiMn1.4Cr0.2Ni0.4O4,"[{'Li': '1.0', 'Mn': '1.4', 'Cr': '0.2', 'Ni': '0.4', 'O': '4.0'}]",181.7256,Cath,4.0
FeP @ C,"[{'Fe': '1.0', 'P': '1.0'}, {'C': '1.0'}]",98.83,Anod,1.08
Mn3O4 / C,"[{'Mn': '3.0', 'O': '4.0'}, {'C': '1.0'}]",240.82100000000003,Anod,3.0
Sn @ ZnO @ N-C-y,"[{'Sn': '1.0'}, {'Zn': '1.0', 'O': '1.0'}]",200.089,Anod,3.0
Titanate,"[{'Ti': '1.0', 'O': '3.0'}]",95.864,Anod,4.7
NiFe2O4 / C,"[{'Ni': '1.0', 'Fe': '2.0', 'O': '4.0'}, {'C': '1.0'}]",246.39,Cath,4.5
LiCo0.7Ni0.3O2,"[{'Li': '1.0', 'Co': '0.7', 'Ni': '0.3', 'O': '2.0'}]",97.799,Cath,2.8
Ti2CO2,"[{'Ti': '2.0', 'C': '1.0', 'O': '2.0'}]",139.743,Anod,2.5
Na0.67Ni0.33Mn0.57Sn0.1O2,"[{'Na': '0.67', 'Ni': '0.33', 'Mn': '0.57', 'Sn': '0.1', 'O': '2.0'}]",109.95565,Cath,2.0
CeVO4,"[{'Ce': '1.0', 'V': '1.0', 'O': '4.0'}]",255.0575,Anod,1.4
Na2V6O16Â·nH2O,"[{'Na': '2.0', 'V': '6.0', 'O': '16.0'}]",607.613,Anod,1.1
CNT / Li2S6,"[{'Li': '2.0', 'S': '6.0'}]",206.24,Cath,0.19
ZrO2-CC,"[{'Zr': '1.0', 'O': '2.0'}]",123.222,Cath,1.08
SiCO,"[{'Si': '1.0', 'C': '1.0', 'O': '1.0'}]",56.095000000000006,Anod,1.0
Cu / C,"[{'Cu': '1.0'}, {'C': '1.0'}]",75.557,Cath,0.71
Si @ mTiO2,"[{'Si': '1.0'}, {'Ti': '1.0', 'O': '2.0'}]",107.95,Anod,2.5
Li1.05Ni0.35Co0.25Mn0.4O2,"[{'Li': '1.05', 'Ni': '0.35', 'Co': '0.25', 'Mn': '0.4', 'O': '2.0'}]",96.536,Cath,4.04
LTO / Ag,"[{'Li': '2.0', 'Ti': '1.0', 'O': '3.0'}, {'Ag': '1.0'}]",217.614,Anod,0.2
ZnCo2O4,"[{'Zn': '1.0', 'Co': '2.0', 'O': '4.0'}]",247.242,Anod,0.21
KS-6,"[{'K': '1.0', 'S': '1.0'}]",71.158,Cath,3.5
Ferricyanide,"[{'C': '6.0', 'N': '6.0', 'Fe': '1.0'}]",211.953,Cath,0.127
BPI,"[{'B': '1.0', 'P': '1.0', 'I': '1.0'}]",168.684,Cath,0.7
LiCo0.95Mn0.05O2,"[{'Li': '1.0', 'Co': '0.95', 'Mn': '0.05', 'O': '2.0'}]",97.67125,Cath,3.0
Fe3+ / Fe2+,"[{'Fe': '3.0'}, {'Fe': '2.0'}]",279.225,Cath,1.2
Li3VO4,"[{'Li': '3.0', 'V': '1.0', 'O': '4.0'}]",135.7575,Anod,3.0
LiNi0.45Cr0.05Mn1.5O4,"[{'Li': '1.0', 'Ni': '0.45', 'Cr': '0.05', 'Mn': '1.5', 'O': '4.0'}]",182.35465,Cath,5.3
Mo2C / CNT-based,"[{'Mo': '2.0', 'C': '1.0'}]",203.911,Cath,3.5
Na0.80Li0.12Ni0.22Mn0.66O2,"[{'Na': '0.8', 'Li': '0.12', 'Ni': '0.22', 'Mn': '0.66', 'O': '2.0'}]",100.39434,Cath,4.2
Li3Fe2O3,"[{'Li': '3.0', 'Fe': '2.0', 'O': '3.0'}]",180.507,Anod,1.0
NHPI,"[{'N': '1.0', 'H': '1.0', 'P': '1.0', 'I': '1.0'}]",172.889,Cath,1.6
K2Ti6O13,"[{'K': '2.0', 'Ti': '6.0', 'O': '13.0'}]",573.385,Anod,3.0
NHPC-800,"[{'N': '1.0', 'H': '1.0', 'P': '1.0', 'C': '1.0'}]",58.0,Anod,0.25
MnFe2O4 @ C,"[{'Mn': '1.0', 'Fe': '2.0', 'O': '4.0'}, {'C': '1.0'}]",242.635,Anod,0.3
Cu / Si / Ge,"[{'Cu': '1.0'}, {'Si': '1.0'}, {'Ge': '1.0'}]",164.261,Anod,3.9
NiCl2 / NiS2 @ C,"[{'Ni': '1.0', 'Cl': '2.0'}, {'Ni': '1.0', 'S': '2.0', 'C': '1.0'}]",264.41700000000003,Cath,2.78
3Mn1 / 3O2,"[{'Mn': '0.3333', 'O': '2.0'}]",50.3088354,Cath,4.8
Li1.4Ni0.3Mn0.7O2.4,"[{'Li': '1.4', 'Ni': '0.3', 'Mn': '0.7', 'O': '2.4'}]",104.1781,Cath,4.3
MoS2 / C,"[{'Mo': '1.0', 'S': '2.0'}, {'C': '1.0'}]",172.081,Anod,3.0
SrLi2Ti6O14,"[{'Sr': '1.0', 'Li': '2.0', 'Ti': '6.0', 'O': '14.0'}]",612.688,Anod,2.7
ZnS / C,"[{'Zn': '1.0', 'S': '1.0'}, {'C': '1.0'}]",109.451,Anod,0.05
Orthosilicate,"[{'Si': '1.0', 'O': '4.0'}]",92.081,Cath,2.5
HN-LVP @ C,"[{'H': '1.0', 'N': '1.0'}, {'C': '1.0'}]",27.026,Cath,4.3
Li1.231Mn0.615Ni0.154O2,"[{'Li': '1.231', 'Mn': '0.615', 'Ni': '0.154', 'O': '2.0'}]",83.366732,Cath,4.8
Sn3P4,"[{'Sn': '3.0', 'P': '4.0'}]",480.026,Anod,1.5
Cr0.5Nb1.5(PO4)3,"[{'P': '3.0', 'O': '12.0', 'Cr': '0.5', 'Nb': '1.5'}]",450.267,Cath,1.5
Ni11(HPO3)8(OH)6 / rGO,"[{'H': '14.0', 'P': '8.0', 'O': '30.0', 'Ni': '11.0'}]",1387.4969999999998,Cath,0.54
ZnSiP2,"[{'Zn': '1.0', 'Si': '1.0', 'P': '2.0'}]",155.413,Anod,0.43
NaV2(PO4)2F3,"[{'P': '2.0', 'O': '8.0', 'Na': '1.0', 'V': '2.0', 'F': '3.0'}]",371.807,Cath,3.65
WC,"[{'W': '1.0', 'C': '1.0'}]",195.851,Anod,0.864
Fe1.5(PO4)(OH),"[{'P': '1.0', 'O': '5.0', 'H': '1.0', 'Fe': '1.5'}]",195.7445,Cath,4.2
LiNi0.9Co0.07Al0.03O2,"[{'Li': '1.0', 'Ni': '0.9', 'Co': '0.07', 'Al': '0.03', 'O': '2.0'}]",96.69647,Cath,3.72
La2O3,"[{'La': '2.0', 'O': '3.0'}]",325.817,Anod,0.4
SiO,"[{'Si': '1.0', 'O': '1.0'}]",44.084,Anod,3.0
FeCoN / rGO,"[{'Fe': '1.0', 'Co': '1.0', 'N': '1.0'}]",128.785,Cath,2.92
Sb @ Cu,"[{'Sb': '1.0'}, {'Cu': '1.0'}]",185.306,Anod,1.0
LiCuO,"[{'Li': '1.0', 'Cu': '1.0', 'O': '1.0'}]",86.485,Cath,2.0
K0.45Mn0.5Co0.5O2,"[{'K': '0.45', 'Mn': '0.5', 'Co': '0.5', 'O': '2.0'}]",106.5276,Cath,3.9
Li2S @ C,"[{'Li': '2.0', 'S': '1.0'}, {'C': '1.0'}]",57.95100000000001,Cath,2.6
TiN @ CNT-S,"[{'Ti': '1.0', 'N': '1.0'}]",61.874,Cath,0.49
RuO2 / mTiO2,"[{'Ru': '1.0', 'O': '2.0'}, {'Ti': '1.0', 'O': '2.0'}]",212.933,Cath,4.0
Sulfur / C3N4,"[{'S': '1.0'}, {'C': '3.0', 'N': '4.0'}]",124.121,Cath,2.1
Na0.6MnO2,"[{'Na': '0.6', 'Mn': '1.0', 'O': '2.0'}]",100.73,Cath,4.3
(Ni0.33Co0.67)N,"[{'Ni': '0.33', 'Co': '0.67', 'N': '1.0'}]",72.8608,Anod,3.0
LiCrTiO4,"[{'Li': '1.0', 'Cr': '1.0', 'Ti': '1.0', 'O': '4.0'}]",170.799,Anod,3.25
GeS2,"[{'Ge': '1.0', 'S': '2.0'}]",136.75,Anod,0.45
SiAlMn,"[{'Si': '1.0', 'Al': '1.0', 'Mn': '1.0'}]",110.005,Anod,1.5
SVO,"[{'S': '1.0', 'V': '1.0', 'O': '1.0'}]",99.0005,Cath,1.5
FeOF,"[{'Fe': '1.0', 'O': '1.0', 'F': '1.0'}]",90.842,Cath,1.8
FePO4,"[{'Fe': '1.0', 'P': '1.0', 'O': '4.0'}]",150.815,Anod,1.0
CoSe2 @ C / CNT,"[{'Co': '1.0', 'Se': '2.0', 'C': '1.0'}]",228.886,Anod,1.9
Na7H2[PV14O42],"[{'P': '1.0', 'V': '14.0', 'O': '42.0', 'Na': '7.0', 'H': '2.0'}]",1579.059,Anod,1.0
Li3CrMnO5,"[{'Li': '3.0', 'Cr': '1.0', 'Mn': '1.0', 'O': '5.0'}]",207.749,Cath,4.3
Methanol,"[{'C': '1.0', 'H': '4.0', 'O': '1.0'}]",32.042,Anod,0.4
Ir / C,"[{'Ir': '1.0'}, {'C': '1.0'}]",204.231,Cath,0.89
LiCo0.8Ni0.1Mn0.1O2,"[{'Li': '1.0', 'Co': '0.8', 'Ni': '0.1', 'Mn': '0.1', 'O': '2.0'}]",97.4475,Cath,4.2
Na2Ti6O13,"[{'Na': '2.0', 'Ti': '6.0', 'O': '13.0'}]",541.169,Anod,0.3
K0.6CoO2,"[{'K': '0.6', 'Co': '1.0', 'O': '2.0'}]",114.3898,Cath,2.7
LiVOPO4,"[{'Li': '1.0', 'V': '1.0', 'O': '5.0', 'P': '1.0'}]",168.85049999999998,Cath,0.66
Zn3(HCOO)6,"[{'H': '6.0', 'C': '6.0', 'O': '12.0', 'Zn': '3.0'}]",466.242,Anod,3.0
NaNi0.5Mn0.5O2,"[{'Na': '1.0', 'Ni': '0.5', 'Mn': '0.5', 'O': '2.0'}]",111.8035,Cath,1.0
Na0.67Co0.25Mn0.75O2,"[{'Na': '0.67', 'Co': '0.25', 'Mn': '0.75', 'O': '2.0'}]",103.33805,Cath,2.4
LiMn0.8Fe0.2PO4,"[{'Li': '1.0', 'Mn': '0.8', 'Fe': '0.2', 'P': '1.0', 'O': '4.0'}]",157.0294,Cath,1.8
La0.6Sr0.4Co0.2Fe0.8O3âÎ´,"[{'La': '0.6', 'Sr': '0.4', 'Co': '0.2', 'Fe': '0.8', 'O': '3.0'}]",222.85360000000003,Cath,0.02
Na2Fe2(SO4)3,"[{'S': '3.0', 'O': '12.0', 'Na': '2.0', 'Fe': '2.0'}]",445.838,Cath,3.8
NaMnO2,"[{'Na': '1.0', 'Mn': '1.0', 'O': '2.0'}]",109.926,Cath,1.1
LiNi0.5Co0.5PO4,"[{'Li': '1.0', 'Ni': '0.5', 'Co': '0.5', 'P': '1.0', 'O': '4.0'}]",160.723,Cath,4.8
Mo6+âTiO2 / MoO3 NH,"[{'Mo': '1.0', 'O': '3.0', 'N': '1.0', 'H': '1.0'}]",158.96200000000002,Anod,3.0
TiO2 / Ti,"[{'Ti': '1.0', 'O': '2.0'}, {'Ti': '1.0'}]",127.732,Anod,0.09
Li1.13Mn0.463Ni0.203Co0.203O2,"[{'Li': '1.13', 'Mn': '0.463', 'Ni': '0.203', 'Co': '0.203', 'O': '2.0'}]",89.154572,Cath,4.75
Sn4P3,"[{'Sn': '4.0', 'P': '3.0'}]",567.762,Anod,0.3
Nickel oxide,"[{'Ni': '2.0', 'O': '3.0'}]",165.38299999999998,Cath,1.5
Li2CoPO4F,"[{'Li': '2.0', 'Co': '1.0', 'P': '1.0', 'O': '4.0', 'F': '1.0'}]",186.781,Cath,2.0
MnVO,"[{'Mn': '1.0', 'V': '1.0', 'O': '1.0'}]",121.8785,Cath,0.2
Ca2Ge7O16,"[{'Ca': '2.0', 'Ge': '7.0', 'O': '16.0'}]",844.5500000000001,Anod,3.0
Na[Ni0.8Fe0.1Mn0.1]O2,"[{'Na': '1.0', 'Ni': '0.8', 'Fe': '0.1', 'Mn': '0.1', 'O': '2.0'}]",113.02070000000002,Cath,4.1
Li3.94La0.06Ti5O12,"[{'Li': '3.94', 'La': '0.06', 'Ti': '5.0', 'O': '12.0'}]",467.0012,Anod,1.55
Si20Co10C70,"[{'Si': '20.0', 'Co': '10.0', 'C': '70.0'}]",1991.8,Anod,3.0
Sodium titanate,"[{'Na': '2.0', 'Ti': '1.0', 'O': '3.0'}]",141.844,Anod,2.5
Na0.33V2O5,"[{'Na': '0.33', 'V': '2.0', 'O': '5.0'}]",189.4647,Cath,0.3
Li3PO4 / Li2RuO3,"[{'Li': '3.0', 'P': '1.0', 'O': '4.0'}, {'Li': '2.0', 'Ru': '1.0', 'O': '3.0'}]",278.737,Cath,3.4
LiNiCo1 / 3Mn1 / 3O2,"[{'Li': '1.0', 'Ni': '1.0', 'Co': '0.3333', 'Mn': '0.3333', 'O': '2.0'}]",135.58420429999998,Cath,2.5
Mg2Si,"[{'Mg': '2.0', 'Si': '1.0'}]",76.695,Anod,3.0
BiVO4,"[{'Bi': '1.0', 'V': '1.0', 'O': '4.0'}]",323.9175,Anod,4.5
ScO2,"[{'Sc': '1.0', 'O': '2.0'}]",76.95400000000001,Cath,0.5
Bi2MoO6 / rGO-20,"[{'Bi': '2.0', 'Mo': '1.0', 'O': '6.0'}]",609.904,Anod,3.0
3Co1 / 3Mn1 / 3O2,"[{'Co': '0.3333', 'Mn': '0.3333', 'O': '2.0'}]",69.9512043,Cath,4.6
LiFe0.5Mn1.5O4,"[{'Li': '1.0', 'Fe': '0.5', 'Mn': '1.5', 'O': '4.0'}]",181.2655,Cath,5.3
LiAl0.1Mn1.9O4,"[{'Li': '1.0', 'Al': '0.1', 'Mn': '1.9', 'O': '4.0'}]",178.0164,Cath,3.0
FeS @ TiO2 @ C,"[{'Fe': '1.0', 'S': '1.0'}, {'Ti': '1.0', 'O': '2.0'}, {'C': '1.0'}]",179.78099999999998,Anod,3.0
Na4C24H8O8,"[{'Na': '4.0', 'C': '24.0', 'H': '8.0', 'O': '8.0'}]",516.28,Anod,0.4
Pd / C,"[{'Pd': '1.0'}, {'C': '1.0'}]",118.431,Cath,1.83
Cu2S,"[{'Cu': '2.0', 'S': '1.0'}]",159.152,Cath,2.0
PrBa0.5Sr0.5Co2O5+Î´,"[{'Pr': '1.0', 'Ba': '0.5', 'Sr': '0.5', 'Co': '2.0', 'O': '5.0'}]",451.246,Cath,0.76
MnO2 @ C @ MnO,"[{'Mn': '1.0', 'O': '2.0'}, {'C': '1.0'}, {'Mn': '1.0', 'O': '1.0'}]",169.884,Anod,3.0
VS4,"[{'V': '1.0', 'S': '4.0'}]",179.1815,Cath,1.82
Nickel phosphide,"[{'Ni': '1.0', 'P': '1.0'}]",89.667,Anod,0.4
Mn3O4,"[{'Mn': '3.0', 'O': '4.0'}]",228.81000000000003,Anod,0.5
S-TCS / ZnO(6),"[{'Zn': '1.0', 'O': '6.0'}]",161.374,Cath,3.0
NS-LiNi0.5Mn0.5O2,"[{'N': '1.0', 'S': '1.0'}]",46.067,Cath,4.2
Fe(VI),"[{'V': '1.0', 'I': '1.0', 'Fe': '1.0'}]",233.6865,Cath,0.2
Mg2Si / C,"[{'Mg': '2.0', 'Si': '1.0'}, {'C': '1.0'}]",88.70599999999999,Anod,3.0
NiHCF,"[{'Ni': '1.0', 'H': '1.0', 'C': '1.0', 'F': '1.0'}]",90.71,Cath,3.3
C8H4Na2O4,"[{'C': '8.0', 'H': '4.0', 'Na': '2.0', 'O': '4.0'}]",210.096,Anod,3.6
CeF3,"[{'Ce': '1.0', 'F': '3.0'}]",197.114,Anod,2.5
NiCo2S4,"[{'Ni': '1.0', 'Co': '2.0', 'S': '4.0'}]",304.799,Anod,2.0
Hydrogen titanate,"[{'H': '2.0', 'Ti': '1.0', 'O': '3.0'}]",97.88,Anod,2.8
NCOâC,"[{'N': '1.0', 'C': '1.0', 'O': '1.0'}]",42.017,Anod,3.0
S @ Ni(OH)2,"[{'S': '1.0'}, {'O': '2.0', 'H': '2.0', 'Ni': '1.0'}]",124.767,Cath,3.0
FeCo2O4,"[{'Fe': '1.0', 'Co': '2.0', 'O': '4.0'}]",237.707,Cath,2.67
Li2FeMn3O8,"[{'Li': '2.0', 'Fe': '1.0', 'Mn': '3.0', 'O': '8.0'}]",362.531,Cath,4.9
NiV3O8,"[{'Ni': '1.0', 'V': '3.0', 'O': '8.0'}]",339.5095,Cath,4.2
SSC,"[{'S': '2.0', 'C': '1.0'}]",76.131,Cath,0.05
La0.58Sr0.4Co0.2Fe0.8O3âÎ´,"[{'La': '0.58', 'Sr': '0.4', 'Co': '0.2', 'Fe': '0.8', 'O': '3.0'}]",220.0754,Cath,0.7
Co3O4 / MoS2,"[{'Co': '3.0', 'O': '4.0'}, {'Mo': '1.0', 'S': '2.0'}]",400.865,Anod,3.0
Na3FeF6 / C,"[{'Na': '3.0', 'Fe': '1.0', 'F': '6.0'}, {'C': '1.0'}]",250.814,Cath,2.6
LiNbO3,"[{'Li': '1.0', 'Nb': '1.0', 'O': '3.0'}]",147.84300000000002,Cath,3.7
Permanganate,"[{'Mn': '1.0', 'O': '4.0'}]",118.934,Cath,1.382
NiCoO2 / Ni,"[{'Ni': '1.0', 'Co': '1.0', 'O': '2.0'}, {'Ni': '1.0'}]",208.317,Cath,2.4
Li0.21Co2.79O4,"[{'Li': '0.21', 'Co': '2.79', 'O': '4.0'}]",229.87647,Anod,2.5
LiVP2O7 / C,"[{'Li': '1.0', 'V': '1.0', 'P': '2.0', 'O': '7.0'}, {'C': '1.0'}]",243.8335,Cath,4.2
LiCo0.4Ni0.3Mn0.3O2,"[{'Li': '1.0', 'Co': '0.4', 'Ni': '0.3', 'Mn': '0.3', 'O': '2.0'}]",96.6005,Cath,4.2
LiNi0.995Al0.005O2,"[{'Li': '1.0', 'Ni': '0.995', 'Al': '0.005', 'O': '2.0'}]",97.472445,Cath,4.4
CoSb3 @ NCL-30,"[{'Co': '1.0', 'Sb': '3.0'}]",424.213,Cath,0.1
Ag @ CeO2,"[{'Ag': '1.0'}, {'Ce': '1.0', 'O': '2.0'}]",279.988,Cath,2.2
NiO / C,"[{'Ni': '1.0', 'O': '1.0'}, {'C': '1.0'}]",86.70299999999999,Cath,3.0
Argyrodite,"[{'Ag': '8.0', 'Ge': '1.0', 'S': '6.0'}]",1127.95,Elec,0.025
Na4NiTeO6,"[{'Na': '4.0', 'Ni': '1.0', 'Te': '1.0', 'O': '6.0'}]",374.247,Cath,4.5
PPN-13-S,"[{'P': '2.0', 'N': '1.0'}]",75.955,Cath,3.0
Ni / PSU / Ir,"[{'Ni': '1.0'}, {'P': '1.0', 'S': '1.0', 'U': '1.0'}, {'Ir': '1.0'}]",551.977,Cath,1.57
NVO,"[{'N': '1.0', 'V': '1.0', 'O': '1.0'}]",80.94749999999999,Anod,3.0
MgFe2O4,"[{'Mg': '1.0', 'Fe': '2.0', 'O': '4.0'}]",199.991,Anod,0.4
K0.27MnO2Â·0.6H2O,"[{'K': '0.27', 'Mn': '1.0', 'O': '2.0'}]",97.49246,Cath,0.6
LiTi2O4,"[{'Li': '1.0', 'Ti': '2.0', 'O': '4.0'}]",166.67,Anod,3.5
CoNiO2 / SCC-N,"[{'Co': '1.0', 'Ni': '1.0', 'O': '2.0'}, {'S': '1.0', 'C': '2.0'}]",205.706,Cath,0.13
NaVOPO4,"[{'Na': '1.0', 'V': '1.0', 'O': '5.0', 'P': '1.0'}]",184.9005,Anod,3.34
Li3FeF6 / C,"[{'Li': '3.0', 'Fe': '1.0', 'F': '6.0'}, {'C': '1.0'}]",202.664,Cath,2.0
CuInTe2,"[{'Cu': '1.0', 'In': '1.0', 'Te': '2.0'}]",433.566,Anod,3.0
LiNi0.81Co0.19O2,"[{'Li': '1.0', 'Ni': '0.81', 'Co': '0.19', 'O': '2.0'}]",97.6766,Cath,1.5
PBCC,"[{'P': '1.0', 'B': '1.0', 'C': '2.0'}]",65.806,Cath,0.7
NiSb,"[{'Ni': '1.0', 'Sb': '1.0'}]",180.453,Anod,2.0
SH-MoS2 / C,"[{'S': '1.0', 'H': '1.0'}, {'C': '1.0'}]",45.07900000000001,Anod,3.0
SnSe0.5S0.5 / C,"[{'Sn': '1.0', 'Se': '0.5', 'S': '0.5'}, {'C': '1.0'}]",186.2365,Anod,3.0
FeCo / FeCoNi @ NCNTs-HF air,"[{'Fe': '1.0', 'Co': '1.0'}]",114.778,Cath,0.86
